INSERT INTO cinema(id, city, locality, name) VALUES (1, "Bangalore", "Rajajinagar", "PVR"),(2, "Bangalore", "Malleshwaram", "INOX");

INSERT INTO movie(id, language, run_time, studio, title) VALUES(1, "Kannada", 170, "Hombale Films", "K.G.F: Chapter 1"), (2, "English", 150, "Syncopy", "Tenet");

INSERT INTO seat(id, category, cinema_id, number) VALUES
	(1, "Premium", 1, "1A"),
	(2, "Premium", 1, "1B"),
	(3, "Premium", 1, "1C"),
	(4, "Premium", 1, "1D"),
	(5, "Premium", 1, "1E"),
	(6, "Premium", 1, "1F"),
	(7, "Premium", 1, "1G"),
	(8, "Premium", 1, "2A"),
	(9, "Premium", 1, "2B"),
	(10, "Premium", 1, "2C"),
	(11, "Premium", 1, "2D"),
	(12, "Premium", 1, "2E"),
	(13, "Premium", 1, "2F"),
	(14, "Premium", 1, "2G"),
	(15, "Premium", 1, "3A"),
	(16, "Premium", 1, "3B"),
	(17, "Premium", 1, "3C"),
	(18, "Premium", 1, "3D"),
	(19, "Premium", 1, "3E"),
	(20, "Premium", 1, "3F"),
	(21, "Premium", 1, "3G"),
	(22, "Premium", 2, "1A"),
	(23, "Premium", 2, "1B"),
	(24, "Premium", 2, "1C"),
	(25, "Premium", 2, "1D"),
	(26, "Premium", 2, "1E"),
	(27, "Premium", 2, "1F"),
	(28, "Premium", 2, "1G"),
	(29, "Premium", 2, "2A"),
	(30, "Premium", 2, "2B"),
	(31, "Premium", 2, "2C"),
	(32, "Premium", 2, "2D"),
	(33, "Premium", 2, "2E"),
	(34, "Premium", 2, "2F"),
	(35, "Premium", 2, "2G"),
	(36, "Premium", 2, "3A"),
	(37, "Premium", 2, "3B"),
	(38, "Premium", 2, "3C"),
	(39, "Premium", 2, "3D"),
	(40, "Premium", 2, "3E"),
	(41, "Premium", 2, "3F"),
	(42, "Premium", 2, "3G");

INSERT INTO show_details(id, cinema_id, movie_id, time) VALUES(1, 1, 1, "2:30 PM"), (2, 1, 2, "5:30 PM");